User_name,RP3
adotinthedark,3
AdrianMLevy,9
Ads64in,0
Adultjoks,0
AdvaitNemlekar,15
advantageperf,0
advocateghumman,0
AdvocateSabita,3
aeetz06,2
AegisSchool,2
aehaque,3
aelshemy16,2
AeroSquadra,37
afdhal_id,0
Affanyousuf9,2
affiliatebiz,0
afgao,9
afzal_57,71
agarwaledu,5
agawley,14
agbrolo,23
agentinsolent,0
AgentPete,0
AgGenomicsGuy,29
AghaShaahidAli,9
agitzade,3
agnimitra2026,1
Agos_Daniella,50
AGraynor,1
Agustinporres,5
AhamedHassanMP,14
ahiliyanat,3
ahishor,0
AhluwaliaSaheb,6
ahmedmakda_am,76
AHPBA,8
Ahsanafaq22,3
AhujaReva,2
Ai4Youth,29
AiglonCollege,1
AIgorithmIA,47
aikhwaja,62
AilleneRuby,0
AinedeSousa,2
ainhopia,9
airudit,4
AishPaliwal,44
aisrao,69
aitreainichairm,0
aiu_athletics,59
AI_ilachinski,0
ajaeybjp,42
ajai3830,0
ajanayak,13
ajaybharadwaj,9
ajayc47,3
ajayekal,6
Ajaygaurbjpfbd,23
ajayjamwalRSS,0
ajayPspeak,18
ajayr1993,3
ajaysamson,9
AjaySinghNegi,0
ajay_shah,0
AJAZ_ALI_ANSARI,0
Ajeet4Ravi,4
ajfoley,2
AjitaShashidhar,2
ajmizner,57
ajoydada,34
AjuVarghesee,0
akaGJS,4
AkankshaSingh4,7
Akanksha_1009,18
akanshaarneja,20
akasha63,1
akash_lightblue,4
akasomeguy,20
akbardalai,100
akc4karnal,0
AKGarg93,11
AkhilBansalKPMG,9
AkhilNasha,117
akhilreni_hs,169
Akjpatt,0
AKMetoikos,43
akoserwal,9
akpk_in,2
AKQA,1
akritita,10
AkritiTyagiNDTV,1
akrit_michael,31
akshaykomar,1
akshayprabhu_,16
akshayravi999,1
akshayxk,22
Akshhaya_R,12
AksshitWadhwa,2
aktiwaryssa,6
akujad,5
akumar2408,71
alaamaliik,8
AlaapG,1
AlabedBana,5
alacon,34
alain_berset,1
alambains,0
alanfgates,2
AlankarSawai,0
albertw,1
alcinojsilva,1
aldawood_ali,3
AlderweireldTob,4
AleAndooo,1
AleAparicio13,6
aleemeram53,62
AleksibCSGO,10
alena_scuba,0
Alescent,0
alexa99,47
AlexaGrasso,0
AlexanderD_Beck,0
alexanderlhayes,59
alexheid,1
alexiwobi,0
alexmiller73,1
alexpersat,68
AlexWelcing,38
AlexWhitcomb,86
Alex_Salikov,1
Alex_Scdr,0
alex_seryj,0
Alex__Muller,7
alfamale1516,0
alfiaar1,37
algolytics,1
AlgoRhythmm,0
ali01,433
AliceMarieFree,10
ALIMCOHQ,2
alimelloul,6
AlinB_ManUtd,2
AlishaSofficial,13
AlisonCRollins,45
AlisonGopnik,11
aliyyashelley,1
Ali_a6165,2
ali_a_zaidi,70
AljiraTweets,0
allanao,41
AlliaAR,0
alliance4ai,861
AllieHilmer,1
AllstarsFC_PFH,18
allthingsAyesha,5
alma_perdida5,2
almousawi,16
alokcreovate,5
AlokKrishnan,0
alonamarie,117
alonso_inaki,1
altlawforum,45
AltnokBesim,29
AlvandSalehi,1
AlvaroNegredo9,1
alvin_vista,27
AlwaysJani,33
Always_A_Hit,1
alyciakaback,0
Alyonakapoor,0
AlyssaMendonsa,16
AlzahraKhawla,0
Amaals_Amaalian,256
AMacOSTP,98
amandajparkes,1
amandeepbet,1
amankhan77,1
Aman_Naimat,3
Aman_sal,55
AmarAmar36,3
amarmohile,0
Amar_Shukla_inc,0
Amazingauto5758,8
ambassey,9
AmbaVashishth,3
ambikamahajan,1
ambjr,2
AmbujaMall,0
ameeyajnik,1
AmerShoib,1
Amey_Ghatge,0
AMGSMadrid,4
Amiekhane,0
amilliewaadia,3
aminashervani,90
amineshjain,2
AmishaModi,13
Amit9716685822,0
amitabhabagchi,10
amitabhdelhi,1
amitabh_pathak,72
AmitAsharStudio,8
amitava8,3
amitbasole,200
Amitbhandari110,2
AmitChandrra,0
AmitDCR,13
AmithHegde6,13
Amitjit79,0
amitmajor,3
AmitParalympian,7
amit_agrawal13,77
amit_azm,0
amit_prasher1,4
AmJSurgery,211
amnamatrafi,2
amnasingh,2
amn_g,4
Amolik_Aujla,1
amolmitkari22,29
amolsharma99,35
amor_rb7,0
ampareenlyngdoh,67
AmritSagar,0
amSunitha,12
Amtrox,23
amuarora,1
amyhodler,10
amyketu,9
AmySatterthwait,0
amysundae,121
AM_Deepuuuu,15
AnaBotin,275
anacarla1975,2
anahas8,6
AnaLauraRS,101
AnalyticMike,3
anandahuja,17
anandiisme,3
Anandraipti,8
anandshukla1987,14
anandsinha3,21
anandtiwarics,13
Anand_datta,37
ananthan_TOI,0
ananthmani,8
ananthn1,3
ananthsounder,22
ANANTRAMAN,3
anantsudarshan,33
AnanyaPanda,0
ananya_goenka,13
anchalk,6
anchorrandeep,5
AndersonBrian01,0
andersoncathl,2
andi_mtc,0
andjanlund,29
andradeandrey,1
AndreaHawksley,77
andreas7812,10
andreasartori94,14
AndreaSmithCLT,0
andreasomberg,1
andrea_w3010,4
AndreBegemann,1
andrejg_au,0
andresparrado63,28
andrewdreyfus,0
AndrewHolmes82,13
AndrewLeifer,26
AndrewM_Webb,509
AndrewsAmelia,4
andrewsangs,1
AndrewSmithHQ,0
andrewtibbitts,4
Andre_Schuerrle,1
AndyBhaduri,2
Andygamble66,4
andymcdonald2,0
andyrobbins,1
AndyzDuniya,20
aneelb,0
AneeshaSahni,1
aneeshs,18
Angadluthra,41
AngelaFresne,2
AngelaTuminello,0
Angelo69Mathews,1
AngieS912,3
angjiang,35
AnglianMG,13
aniket__18,3
AnilAgarwal_Ved,141
Anildogra007,1
AnilHem,0
AnilKokil,135
anilpsori,40
anilsainiAC57,0
anil_2030,30
anil_jain_bjp,52
animeshjain,6
aninditaces,12
anindya55,81
ANINDYAtimes,4
anirbangolf,10
AnirbanRoy_CPIM,0
anishjoag,0
AnishRaivadera,0
anistartup,6
AnitaChung4,7
anitaokoester,9
anita_mukherjee,31
ani_nenkova,176
AnjaBotswana,43
anjaliadoshi,1
AnjaliKing,4
AnjaliMenonFilm,11
Anjalinarrative,1
AnjalPrakash,5
anjauhlendorff,21
anjela_taneja,712
Anjit_S_Rajput,14
ankitag1186,20
AnkitaNDTV,3
Ankita_13Jha,42
AnkitDuseja,34
AnkitNDT,17
AnkitPahwa,2
ankitsingh_IPS,0
ankit_bhonde,7
AnkurK_17,9
AnkurSanatani,0
ankurt,1
Ankur_IIS,31
ANKUSH_00007,7
anmolkjha,4
annadudich,0
AnnaKFaris,15
AnnaLysyanskaya,82
annamalai_k,143
annastirr,26
AnneFulenwider,4
AnneMCaulfield,11
AnneSpevack,175
anniecase1,6
AnnieMorrisonMD,19
anniepanter,0
anniepolland,1
AnnisaSLestari,0
anothersy_,8
AnsariNsaher,4
anshugoonj,5
anshul95varma,1
anshumonsharma,34
ant4g0nist,12
AntDLewis,56
anthem_comics,0
anthonydolan_,5
AntillaJon,40
AntiqueLyrics,0
anu1905,77
anubhav_daksh,2
Anuchitikineni,5
AnujKum78520129,1
anunaya_j,12
anupamaraag1,6
AnupamSibal,37
anupap85,27
anupjerajani,17
anupria_goenka,2
anuprubens,1
AnuradhaBhasin_,65
anuradhar,0
Anurag131,7
AnuragAgrawalMD,42
anuraggangal,21
anuragrao123,1
anuragyadav107,12
anushkafernando,6
anushka_menon,4
Anushka_Rajan,3
anushreeAmehta,2
anwarzs,2
anyarangaswami,4
AnyaShankar,102
Anya_shrubsole,1
ANZCA_FPM,5
aocsa,3
aolarerin,14
APACinfosec,11
APanagariya,15
AparnaaBajpai,4
Aparnabadlani,0
AparnaRaghu1,0
aparnasharma68,37
APBioNetorg,7
apburden,1
Apex_Nikki,9
AphMohammadi,12
apinthehouse,23
api_university,0
apkaVijay,0
apollodiag,5
Appledystopia,1
AppugoudaPatil,10
aprajita1998,4
AprajitaSarangi,43
aprasahney,1
AprilSixGlobal,7
AprilStuck,0
AprylW,29
ApunHiAsliHai,5
apurwhoa,5
ap_behera,4
ap_itec,2
AquaGeneral,144
ArabYouthSurvey,32
aracelisxgirmay,26
Aradhanashish,0
ArakaliHari,1
arasibhaibarad,3
aratisingh2000,1
aravikiran,9
ArbalestPartner,2
ArbourVW,0
Archanapsp,14
ArchanaRSingh,1
archanas1003,1
Archana_Kochhar,18
archiepanjabi,7
architecturehub,0
architHM,10
ArchsEngage,19
ardemp,46
are_vee,21
ARfrom1947,13
arghya_majila,1
ari29jit,0
ArihaSetalvad,5
AristocratBags,4
aritamukherjee,18
arivukal,21
ArjunMaini,21
ARJUNMATHUR7,7
arjunmk1,74
arjunskumar,15
arkamukherjee,0
arka_das,36
ArknightsEN,21
ArknightsStaff,52
ARKyuvi,1
Armaalianakku1,2
Armaalian_being,2
armaalian_Sarah,8
armaancrockroax,20
armaanian_4life,22
ArmaanIsLife,17
armaanmplanet,16
ArmaanVananchal,12
Armaan_Loverz,0
armacdowell,2
ArmentaArce,0
armiehammer,47
ArnabGofficial7,0
arnav_kumar,179
arnikathakur,7
aroybot,3
arpan_vohra,2
arpita_bisht,2
arpitmishra_06,4
Arrelic_,39
Arresai,2
ArrojadoBR,31
arsavium,21
ArshaCharmar,9
Arshionista,7
arshiyauzma,2
Arshiya_Syed11,0
arshukla,71
art0flunam00n,7
art4youIreland,0
ArtDecoImages4D,5
ArtiSinghRao,53
artistJabu,4
ArtItNow1,0
ARTPOP_NEW_ERA,0
ArtSouthAsia,2
ArunachalTsm,4
arunaugustine,42
arunavamandal,0
arunbajee,1
arunbpbjp,3
ArunDManimal,8
aruninside,9
arunp2810,10
ArunVoraMLA,3
Arup91043899,0
ArushiNishank,133
arvindagarwalla,2
